object_id,object_name,geometry_type,ancient_layer,period,evidence_type,evidence_grade,modern_anchor,ancient_position,metric_info,source,gis_method,status
GIS-A001,宫城/紫微城范围,面,宫城整体,隋唐,图件+文字,A/B,今洛阳市西工区、老城区范围,郭城西北部；南接皇城；东邻东城和含嘉仓城；北接郭城北墙西部；西接郭城西墙北部,东西约2100米；南北约1840-2160米,第341页；图5-1,先画范围框；再用图5-1配准修正,待配准
GIS-A002,大内范围,面,宫城核心区,隋唐,图件+文字,B,图5-1及大内分区图,宫城中部；东接东隔城；西接西隔城；北接玄武城；南接皇城,边长约1040米,第417-418页；图5-64,从图5-64数字化,待配准
GIS-A003,东隔城,面,宫城分区,隋唐,图件复原,B/C,图5-1；图5-64,大内东侧,与宫城东墙、大内东墙之间,第341页；图5-1；图5-64,从复原/分区图数字化,待配准
GIS-A004,西隔城,面,宫城分区,隋唐,图件复原,B/C,图5-1；图5-64,大内西侧,与宫城西墙、大内西墙之间,第341页；图5-1；图5-64,从复原/分区图数字化,待配准
GIS-A005,玄武城,面,宫城北部隔城,隋唐,图件复原,C,图5-28；图5-29,大内北侧、曜仪城南侧,需后续核第三节/北部隔城章节,图5-28；图5-29,暂作复原范围,待核
GIS-A006,圆璧城,面,宫城北部隔城,隋唐,图件复原+钻探点,B/C,图5-29；图5-61；图5-63,宫城北部；曜仪城北侧,以圆璧南门、圆璧门辅助定位,第414-416页；图5-61；图5-63,用门址点约束范围,待配准
GIS-A007,大内四区分区,面组,大内内部,隋唐,图件+文字,B/C,图5-64,大内被东廊、西廊、陶光园南廊分为中区、东区、西区、北区,中区为轴线宫殿区；东区/西区为宫殿区；北区为陶光园,第417页；图5-64,作为叙事分区底图；不作为发掘边界,待配准
GIS-L001,宫城南墙,线,宫城城墙,隋唐,发掘+图件,A,东起金业路东侧；西至洛阳第二实验中学操场东南部,宫城南界；与皇城相隔,方向约92度；全长约2100米,第342页；图5-1,用起止参照和图5-1配准,待配准
GIS-L002,宫城北墙,线,宫城城墙,隋唐,钻探+文字,B,东起岳村东北隅；西抵洛阳春都集团厂区东侧,宫城北界；与郭城北墙西部相关,方向约96度；东西长约2130米,第342页；图5-1,先画粗线；后续用北墙门址修正,待配准
GIS-L003,宫城东墙,线/点组,宫城城墙,隋唐,发掘点组,A,南起马市街西口；北抵驾鸡沟村西南,宫城东界,方向约2度；南北长约2160米；图5-1编号6-12,第360-361页；图5-1；图5-17；DT1、GT847、DT50-17、DT108、DT109、DT26、DT165、DT89-DT91,用7个发掘点约束墙线,可入库
GIS-L004,宫城西墙,线/点组,宫城城墙,隋唐,发掘点组,A,南起洛阳市第二实验中学操场东南部；北抵苗南村南,宫城西界,方向约2度；南北长约1840米；图5-1编号13-16；墙宽多为9-11米,第364-366页；图5-1；图5-21；图5-22；GT442、GT450、GT795、QT3,用4个发掘点约束墙线,可入库
GIS-L005,大内东墙,线/点组,大内城墙,隋唐,发掘点组+图件,A,豫通街小学；桑塔纳汽车维修中心；洛阳市起重机厂,大内东界；南起宫城南墙；北至玄武城南墙,南北长约1040米；3个发掘点；墙基残宽约2.1-3.8米,第418-421页；图5-64至图5-68；GT518、GT412、GT357,用3个发掘点和图5-64约束墙线,可入库
GIS-L006,大内西墙,线/点组,大内城墙,隋唐,发掘点组+图件,A,洛阳市第三中学；洛玻集团家属区；洛玻集团商务大楼；洛玻集团浮法一线；洛玻集团仓储区,大内西界；南起宫城南墙；北至玄武城南墙,南北长约1040米；5个发掘点；早期墙宽约3.7-5米；晚期墙宽约2.6米,第422-424页；图5-64、图5-69、图5-70；GT245、GT828、GT815、GT673、GT675、BT205,用5个发掘点和图5-64约束墙线,可入库
GIS-P001,宫城南墙1号发掘点,点,宫城南墙,隋唐,发掘,A,洛阳日报社院内,大内南墙段,东距应天门约140米,第342、344页；图5-1；图5-2；GT453,现代地点+相对距离定位,可入库
GIS-P002,宫城南墙2号发掘点,点,宫城南墙,隋唐,发掘,A,洛阳日报社院内,大内南墙段,与1号同处洛阳日报社院内；图5-1中位于1号以西,第342页；图5-1；GT509,图5-1配准,可入库
GIS-P003,宫城南墙3号发掘点,点,宫城南墙,隋唐,发掘,A,长乐街小学,大内南墙段西部,图5-1中位于应天门西侧,第342页；图5-1；GT706,现代地点+图5-1配准,可入库
GIS-P004,宫城南墙4号发掘点,点,宫城南墙,隋唐,发掘,A,洛阳市第三中学,西隔城南墙段,东距大内西墙约76米,第344-345页；图5-1；图5-3；GT812,现代地点+相对距离定位,可入库
GIS-P005,宫城南墙5号发掘点,点,宫城南墙,隋唐,发掘,A,洛玻集团唐三街坊小区,西夹城南墙段,西距宫城西墙约98米,第345页；图5-1；图5-4；GT108-GT110,现代地点+相对距离定位,可入库
GIS-P006,宫城东墙6号发掘点,点,宫城东墙,隋唐,发掘,A/B,东风毛毯厂内,宫城东墙南北线南段,图5-1编号6,第360页；图5-1；DT1,现代地点+图5-1配准,可入库
GIS-P007,宫城东墙7号发掘点,点,宫城东墙,隋唐,发掘,A/B,中州路南侧电缆沟,宫城东墙南北线,图5-1编号7,第360页；图5-1；GT847,现代道路+图5-1配准,可入库
GIS-P008,宫城东墙8号发掘点,点,宫城东墙,隋唐,发掘,A,中州路西关桥东端,宫城东墙；距宫城东南角约500米,唐代宫城东墙发掘部分南北长约8米；墙体底宽约9米,第360-361页；图5-17；DT50-17,关键控制点；可优先配准,可入库
GIS-P009,宫城东墙9号发掘点,点,宫城东墙,隋唐,发掘,A/B,老城区招待所,宫城东墙线,图5-1编号9,第360页；图5-1；DT108、DT109,现代地点+图5-1配准,可入库
GIS-P010,宫城东墙10号发掘点,点,宫城东墙,隋唐,发掘,A/B,洛阳市一商局家属院,宫城东墙线,图5-1编号10,第360页；图5-1；DT26,现代地点+图5-1配准,可入库
GIS-P011,宫城东墙11号发掘点,点,宫城东墙,隋唐,发掘,A/B,市五金公司,宫城东墙线,图5-1编号11,第360页；图5-1；DT165,现代地点+图5-1配准,可入库
GIS-P012,宫城东墙12号发掘点,点,宫城东墙,隋唐,发掘,A/B,市色织一厂,宫城东墙线,图5-1编号12,第360页；图5-1；DT89-DT91,现代地点+图5-1配准,可入库
GIS-P013,宫城西墙13号发掘点,点,宫城西墙,隋唐,发掘,A,洛阳市第二实验中学,宫城西墙南段,南距宫城西南角约28米；墙体发掘部分南北长约5米,第364-365页；图5-21；GT442,南墙西端/西墙南端关键控制点,可入库
GIS-P014,宫城西墙14号发掘点,点,宫城西墙,隋唐,发掘,A/B,洛阳玻璃集团唐四住宅小区,宫城西墙线,图5-1编号14,第364页；图5-1；GT450,现代小区+图5-1配准,可入库
GIS-P015,宫城西墙15号发掘点,点,宫城西墙,隋唐,发掘,A,洛阳玻璃集团厂区西南隅,宫城西墙中南段,南距宫城南墙约238米；墙基宽约10米；发掘部分南北长约6米,第365-366页；图5-22；GT795,西墙关键控制点,可入库
GIS-P016,宫城西墙16号发掘点,点,宫城西墙,隋唐,发掘,A/B,洛阳玻璃集团铁路线,宫城西墙线,图5-1编号16,第364页；图5-1；QT3,现代线性参照+图5-1配准,可入库
GIS-P017,大内东墙1号发掘点,点,大内东墙,隋唐,发掘,A,洛阳市老城区豫通街小学,大内东墙南段,距宫城南墙约85米；唐代墙基发掘南北长约3米；东西残宽约3.8米；残厚约0.7-1.2米,第418-419页；图5-65；GT518,现代学校+距南墙距离定位,可入库
GIS-P018,大内东墙2号发掘点,点,大内东墙,隋唐,发掘,A,洛阳市桑塔纳汽车维修中心,大内东墙中北段,距宫城南墙约746米；唐代墙基发掘南北长约10.5米；东西残宽约2.1米；残厚约1.2米,第419-420页；图5-66、图5-67；GT412,现代单位+距南墙距离定位,可入库
GIS-P019,大内东墙3号发掘点,点,大内东墙,隋唐,发掘,A,洛阳市起重机厂,大内东墙北段,南距宫城南墙约918米；唐代墙基东西宽约2.45米,第420-421页；图5-68；GT357,现代单位+距南墙距离定位,可入库
GIS-P020,大内西墙4号发掘点,点,大内西墙,隋唐,发掘,A,洛阳市第三中学,大内西墙南段；近崇庆门,图5-64编号4；与崇庆门GT245有关,第422页；图5-64；GT245,与崇庆门控制点合并核验,可入库
GIS-P021,大内西墙5号发掘点,点,大内西墙,隋唐,发掘,A,洛阳玻璃集团家属区,大内西墙中南段,南距宫城南墙约270米；早期西墙东西宽约4.55米；晚期残宽约1.35米,第422-423页；图5-69；GT828,现代小区+距南墙距离定位,可入库
GIS-P022,大内西墙6号发掘点,点,大内西墙,隋唐,发掘,A,洛阳玻璃集团商务大楼,大内西墙中段,南距宫城南墙约468米；唐代墙基宽约4.5米；墙身残宽约3.7米,第423-424页；图5-70；GT815,现代建筑+距南墙距离定位,可入库
GIS-P023,大内西墙7号发掘点,点,大内西墙,隋唐,发掘,A/B,洛阳玻璃集团浮法一线,大内西墙线,图5-64编号7,第422页；图5-64；GT673、GT675,现代厂区+图5-64配准,可入库
GIS-P024,大内西墙8号发掘点,点,大内西墙,隋唐,发掘,A/B,洛阳玻璃集团仓储区,大内西墙线,图5-64编号8,第422页；图5-64；BT205,现代厂区+图5-64配准,可入库
GIS-B001,大内东墙GT357唐代早期基址,点/面,大内东墙内侧建筑基址,唐代早期,发掘,A/B,洛阳市起重机厂,位于大内东墙西侧；东边与城墙平行,发掘南北长约2米；东西残宽约2.5米,第421页；图5-68；GT357,作为墙内建筑点位；不优先参与城墙配准,可入库
GIS-G001,应天门,点/面,宫城南墙/中轴线,隋唐；五代北宋,发掘+钻探,A,周公庙西侧；原洛阳市委党校东南；中州渠之北；定鼎南路穿过门址中部,大内南墙正中/宫城正门,南侧夯土宽约17.5米；两侧间距约83米,第376-381页；图5-29至图5-35；GT851等,第一控制点；配准图5-30,可入库
GIS-G002,应天门朵楼/阙楼区,面/构件,应天门建筑群,隋唐至北宋,发掘,A,定鼎南路两侧,南墙外侧加宽处,西飞廊南北约37米；东飞廊南北约33.5米,第377-381页；图5-31至图5-35,应天门局部详图数字化,待细化
GIS-G003,崇庆门,点/面,大内西墙南端,唐,发掘,A,洛阳市第三中学操场南部,大内西墙南端；坐东朝西,南距大内西南角约36米；与宣政门东西相对,第401-405页；图5-50至图5-52；GT245,现代学校+图5-50定位,可入库
GIS-G004,宣政门,点/面,大内东墙南端,唐,发掘,A,洛阳市老城区豫通街小学附近,大内东墙南端；坐西朝东,与崇庆门东西相对,第405-410页；图5-53至图5-58；GT819,现代学校+图5-53定位,可入库
GIS-G005,明德门,点,宫城南墙偏东,唐；隋称兴教门,钻探,B,洛阳市老城区五贤街6号居民院内,宫城南墙偏东城门,东距大内东南角约220米；西距应天门约300米,第411页,现代地名+相对距离定位,可入库
GIS-G006,长乐门,点,宫城南墙偏西,唐；隋称光政门,钻探+局部发掘,B,洛阳市西工区长乐街小学内,宫城南墙偏西城门,西距大内西南角约210米；东距应天门约300米,第412-413页；图5-59；图5-60,与明德门对称约束；图5-59定位,可入库
GIS-G007,玄武门,点,大内北墙,隋唐,钻探,B,洛阳市唐宫路煤厂后院车库下,大内北墙正中,东距大内东墙约525米,第414页,现代地名+相对距离定位,可入库
GIS-G008,圆璧南门,点,圆璧城南墙,隋唐,钻探/发掘线索,B,原小五金厂南边一带,圆璧城南墙中部,南对应天门；北对龙光门,第414-415页；图5-61,图5-61配准；和南北轴线约束,可入库
GIS-G009,龙光门,点,宫城北墙,唐,钻探,B,西工区烧沟村东南,宫城北墙正中,距城西北角约1050米,第414-416页；图5-62,现代地名+宫城北墙线定位,可入库
GIS-G010,圆璧门,点,圆璧城东墙,唐,钻探,B,铁路分局电务段修配所院内,圆璧城与含嘉仓城之间通道,门外路土宽约10米,第414-416页；图5-63,图5-63配准,可入库
GIS-G011,嘉豫门,点,宫城西墙,唐；隋称宝城门,考查,B/C,洛玻集团厂区西北部,宫城西墙,距宫城西北角约670米,第416页,先做弱化点；待图5-29配准,待复核
GIS-G012,洛城西门,点,宫城西墙,唐,钻探,B,洛阳市第二实验中学院内,宫城西墙,距宫城南墙角约80米,第417页,现代地名+相对距离定位,可入库
GIS-R001,宫城大内街道发掘位置总图,图件/点组,大内街道系统,唐至宋,图件+文字,A/B,图中标出唐宫东路、中州中路、定鼎北路及明堂遗址,大内内部路土遗迹1-14号位置,图中比例尺0-200米；报告说明路土零散，不能完整复原大内街道布局,第426-427页；图5-73,作为大内街道路土的索引图和配准辅助图,可入库
GIS-R002,明德门内大街1号发掘点,线段/点,明德门内大街,唐；宋,发掘,A,洛阳市汽车修配件厂,明德门内南北向街道；图5-73编号1,南距大内南墙46米；东距大内东墙208米；唐代路土南北向；发掘东西长36米、南北宽4米,第427-428页；图5-73；图5-74；GT755,现代厂址+相对距离定位；唐代路土画短线段,可入库
GIS-R003,明德门内大街2号发掘点,线段/点,明德门内大街,唐；宋,发掘,A,洛阳市第一汽车运输公司院内,明德门内南北向街道；图5-73编号2,南距大内南墙300米；东距大内东墙210米；唐代路土南北长40米、东西宽18.1米；宋代路土东西宽24.5米,第428页；图5-73；图5-75至图5-77；GT731、GT733、GT734,现代单位+相对距离定位；可分唐/宋两层记录,可入库
GIS-R004,明德门内大街3号发掘点,线段/点,明德门内大街,唐,发掘,A,洛阳市汽车修配厂院内,明德门内南北向街道；图5-73编号3,南距大内南墙78米；东距大内东墙183米；唐代路土南北长7米、东西宽7米；路面有4条车辙,第429页；图5-73；图5-78；GT759,现代厂址+相对距离定位；车辙可作为细节属性,可入库
GIS-R005,一号路土,短线/点,大内其他路土,唐,发掘,B,西工区实验小学院内,图5-73编号4-6,路土东西向；分早晚两期；GT636-GT638,第429页；表4；图5-73,先按点组入库；方向明确后画东西向短线,可入库
GIS-R006,二号路土,点/短线,大内其他路土,唐,发掘,B/C,洛玻集团浮法一线,图5-73编号7,走向不明；发掘东西长2米、南北宽8米、厚约10厘米,第429页；表4；GT687,只画发掘点；不外推街道,可入库
GIS-R007,三号路土,点/短线,大内其他路土,唐,发掘,B/C,洛玻集团氮气站,图5-73编号8,走向不明；可分早晚两期；早期东西残长15米、南北残宽6.3-11米,第429页；表4；GT56-GT177,只画发掘点/短线；不外推街道,可入库
GIS-R008,四号路土,点/短线,大内其他路土,唐,发掘,B/C,市建筑机械厂北院,图5-73编号9,走向不明；分早晚两期；发掘南北长约10米，早期东西残宽5-6.7米，晚期东西宽3.5-5.5米,第430页；表4；GT138、GT139,只画发掘点/范围框,可入库
GIS-R009,五号路土,点/短线,大内其他路土,唐,发掘,B/C,市建筑机械厂南院,图5-73编号10,走向不明；发掘南北长10米；东西宽6.3-7米；厚20-40厘米,第430页；表4；GT195,只画发掘点/范围框,可入库
GIS-R010,六号路土,点/短线,大内其他路土,唐,发掘,B/C,市唐宫路煤厂院内,图5-73编号11,走向不明；发掘南北长8米；东西残宽1.5-3.8米；厚15厘米,第430页；表4；GT221,只画发掘点/范围框,可入库
GIS-R011,七号路土,短线/点,大内其他路土,唐；五代至北宋,发掘,B,市建筑机械厂家属院,图5-73编号12,路土东西向；分早晚两期；早期为唐代，晚期为五代北宋时期,第430页；表4；GT446,按东西向短线入库；分期属性保留,可入库
GIS-R012,八号路土,点/短线,大内其他路土,唐,发掘,B/C,市建筑机械厂家属院,图5-73编号13,走向不明；分早晚两期；早期东西长3米、南北残宽7.2米，晚期东西最长6.5米、南北宽2.4米,第430页；表4；GT312、GT313,只画发掘点/范围框,可入库
GIS-R013,九号路土,短线/点,大内其他路土,唐,发掘,B,洛玻16-18号住宅楼,图5-73编号14,路土南北向；发掘南北长10米、东西宽1.2-2.5米；路面清理出一条车辙,第430页；表4；GT641,按南北向短线入库；车辙作为细节属性,可入库
GIS-X001,宫城大内中区主要遗迹位置示意图,图件/索引,大内中区,隋唐至北宋,图件+文字,B,图中标出应天门、长乐门、明德门、崇庆门、宣政门、玄武门,大内中区轴线建筑、乾元门、永泰门、明堂、东廊、西廊、陶光园南廊,示意大内中区南北轴线与东西廊格局,第446-447页；图5-89,作为轴线叙事总图；不直接作为精确边界,可入库
GIS-X002,宫城大内中区轴线建筑钻探遗迹分布图,图件/点组,大内中区轴线建筑,隋唐；北宋,钻探+图件,A/B,图中有比例尺0-50米,大内中区轴线建筑基址组,隋唐时期基址6处；北宋时期基址8处,第448-449页；图5-90,作为轴线建筑点/面数字化底图,可入库
GIS-X003,隋唐一号基址,面/线段,大内中区轴线建筑,隋唐,钻探,A/B,洛阳国安建筑集团院内,应天门北约234米,基址东西向，方向约92度；探出东西长约160米、南北宽约36米；疑为乾元门及乾元门步廊基址,第448页；图5-90,按长条面入库；并与乾元门步廊合并核验,可入库
GIS-X004,隋唐二号基址,面,大内中区轴线建筑,隋唐,钻探,B,洛阳市公交公司和洛阳市印刷厂院内,隋唐一号基址北约135米,南北长约40米；东西残宽约39米,第448页；图5-90,图5-90配准后画范围面,可入库
GIS-X005,隋唐三号基址,面,大内中区轴线建筑,隋唐,钻探,B,洛阳市印刷厂院北部,隋唐二号基址北约16米,东西长约102.5米；南北残宽42-47米；北边中部外凸约5米,第448页；图5-90,图5-90配准后画范围面,可入库
GIS-X006,隋唐四号基址,面组,大内中区轴线建筑,隋唐,钻探,B,洛阳市唐宫路煤厂院内,隋唐三号基址东北,由四排东西向长方形基址和两端东西廊房组成；北基址东西宽约80.5米、南北长约89米,第448-449页；图5-90,先画组合范围；后续拆分子基址,可入库
GIS-X007,隋唐五号基址,面,大内中区轴线建筑,隋唐,钻探,B,洛阳市纺织品联合仓库院内,隋唐四号基址约14.5米处,凸字形；东西长约50米；南北中部最宽约30.8米,第449页；图5-90,图5-90配准后画范围面,可入库
GIS-X008,隋唐六号基址,面,大内中区轴线建筑,隋唐,钻探,B,洛阳市纺织品联合仓库院内,隋唐三号基址西北；与隋唐五号基址东西对称,东西长约47米；南北宽约29米,第449页；图5-90,图5-90配准后画范围面,可入库
GIS-X009,大内东廊,线/面,大内中区东界廊庑,唐；宋,发掘,A,洛阳建筑机械厂南院；定鼎路附近,应天门东西两侧；东廊南北向，南接大内南墙，北抵宫城正殿东侧北面,东西廊东西相距约200米；GT716距大内南墙140米、距大内东墙420米；GT194距大内南墙180米、距大内东墙400米,第451-453页；图5-91至图5-93；GT716、GT194、GT195,按南北向廊线/廊基入库；水渠另列,可入库
GIS-X010,大内西廊,线/面,大内中区西界廊庑,唐,发掘,A,中州中路与定鼎南路交叉路口,应天门东西两侧；西廊南北向，南接大内南墙，北抵宫城正殿西侧北面,GT854A等南距大内南墙228米、东距大内东墙620米；西廊分唐代早期、中期、晚期三期,第454-457页；图5-94至图5-98；GT854A、GT854B、GT854AG1、GT854AG2、GT922,按南北向廊线/廊基入库；分期属性保留,可入库
GIS-X011,永泰门步廊,线/面,大内中区南部横向步廊,唐,发掘,A,定鼎南路和周公路交叉路口,东起大内东廊；西抵大内西廊；南距应天门约110米,GT852、GT853；东距大内东墙约580-590米；南距大内南墙约93-113米；唐代早期与晚期沿用,第473-475页；图5-91、图5-111、图5-112；GT852、GT853,画东西向线/面；连接东西廊,可入库
GIS-X012,永泰门南侧水渠,线,大内中区南部水渠,唐,发掘,A,定鼎南路西侧；应天门内,位于永泰门步廊南侧；东西向,南距应天门约86米；北距永泰门步廊约24米；GT853南距大内南墙93米、东距大内东墙590米,第474-475页；图5-111、图5-112；GT853,作为水系/排水设施单独入库,可入库
GIS-X013,乾元门,点/面,大内中区中轴线门址,隋唐,发掘+图件,A,洛阳市国安建设集团门附近,宫城正殿所在宫院南面正门；位于宫城轴线上，南对应天门，北直宫城正殿明堂,南距应天门234米；北距明堂210米；南距大内南墙234米；东距大内东墙512米；GT347-GT353,第476页；图5-113；GT347-GT353,中轴线核心控制点；优先配准,可入库
GIS-X014,明堂,点/面,大内中区中轴线正殿,唐,发掘+图件,A,定鼎北路与中州路交叉口东北,位于宫城大内居中位置；处在宫城轴线上,南距应天门445米；南距大内南墙445米；东距大内东墙510米；GT264-GT279,第479页；图5-89、图5-90；GT264-GT279,中轴线核心控制点；优先配准,可入库
GIS-DOC001,东隔城范围,面,宫城东侧隔城,隋唐,整理摘录,B/C,老城区公安分局；百业大市场；五金工具厂；坛角小学；唐宫东路住宅小区；洛阳机电公司；中州路南沿,大内东侧隔城区域,南北约970米,20260707 考古报告.doc,作为第3册补充线索；需回查页码、图号和边界,待回查
GIS-DOC002,东隔城东墙,线/点组,东隔城城墙,隋唐,整理摘录,B,老城区公安分局；百业大市场；五金工具厂；坛角小学；唐宫东路住宅小区；洛阳机电公司院内；中州路南沿,东隔城东界,7次发掘；南北约970米,20260707 考古报告.doc,按发掘点组约束墙线；需回查原报告,待回查
GIS-DOC003,东隔城北墙,线/点,东隔城城墙,隋唐,整理摘录,B/C,铸造厂内,东隔城北界,1次发掘,20260707 考古报告.doc,先作线索点；需回查图件,待回查
GIS-DOC004,安宁门,点/面,东隔城城门,隋唐,整理摘录,B/C,铸造厂院内,东隔城门址,发掘线索,20260707 考古报告.doc,先作城门点；需回查门址平面,待回查
GIS-DOC005,东隔城一号街道,线/点组,东隔城街道,隋唐,整理摘录,B,百业大市场院内；坛角小学院内；唐宫东路商住楼下,东隔城内部街道,1条街道,20260707 考古报告.doc,按点组入库；需回查走向和宽度,待回查
GIS-DOC006,东隔城一号隔墙,线/点组,东隔城隔墙,隋唐,整理摘录,B,老城区；第二木工厂；百业大市场；五金工具厂；第二运输公司；坛角小学；唐宫东路住宅小区；中州路南沿,东隔城内部隔墙,宽约2.75-3.1米；多次发掘,20260707 考古报告.doc,可作为内部空间分隔线索；需回查原报告,待回查
GIS-DOC007,东隔城二号隔墙,线/点,东隔城隔墙,隋唐,整理摘录,B/C,房管局西关马路街住宅区院内,东隔城内部隔墙,1道隔墙,20260707 考古报告.doc,先作线索点；需回查走向,待回查
GIS-DOC008,东隔城基址组,点/面组,东隔城建筑基址,隋唐,整理摘录,B/C,运输公司儿童医院内；老城区房管局西关马路街住宅区院内,东隔城内部基址,3座基址；一号、二号在运输公司儿童医院内，三号在房管局西关马路街住宅区院内,20260707 考古报告.doc,按基址组入库；需拆分子对象,待回查
GIS-DOC009,东隔城水渠组,线/点组,东隔城水渠,隋唐,整理摘录,B/C,老城区西关粮点院内；洛阳市运输公司儿童医院内,东隔城内部水渠,2道水渠,20260707 考古报告.doc,作为水系补充线索；需回查走向和宽度,待回查
GIS-DOC010,东夹城范围,面,宫城东侧夹城,隋唐,整理摘录,B/C,老城区公安分局；第二运输公司；黄金房地产开发公司商品住宅小区,大内东侧夹城,南北长约970米；东西宽约180米；四面皆有城墙,20260707 考古报告.doc,补宫城东侧外围结构；需回查边界,待回查
GIS-DOC011,东夹城一号街道,线/点组,东夹城街道,隋唐,整理摘录,B/C,老城区公安分局；第二运输公司院内,东夹城内部街道,2个发掘点,20260707 考古报告.doc,按点组入库；需回查走向,待回查
GIS-DOC012,东夹城二号街道,线/点,东夹城街道,隋唐,整理摘录,B/C,黄金房地产开发公司商品住宅小区院内,东夹城内部街道,街道线索,20260707 考古报告.doc,先作线索点；需回查原报告,待回查
GIS-DOC013,东夹城隔墙组,线/点组,东夹城隔墙,隋唐,整理摘录,B/C,洛阳市铸造厂院内；黄金房地产开发公司商品住宅小区院内,东夹城内部隔墙,2道隔墙,20260707 考古报告.doc,按隔墙点组入库；需回查走向,待回查
GIS-DOC014,东夹城基址,点/面,东夹城建筑基址,隋唐,整理摘录,B/C,二号隔墙东侧,东夹城内部基址,基址线索,20260707 考古报告.doc,需回查具体位置和尺寸,待回查
GIS-DOC015,西隔城范围,面,宫城西侧隔城,隋唐,整理摘录,B/C,洛玻集团唐二小区；洛阳玻璃集团宾馆；浮法一线；浮法二线；铁路支线；高压炉房,大内西侧隔城,南北约970米,20260707 考古报告.doc,补宫城西侧外围结构；需回查边界,待回查
GIS-DOC016,西隔城西墙,线/点组,西隔城城墙,隋唐,整理摘录,B,洛玻集团唐二小区东南隅；道南路南侧；洛阳玻璃集团宾馆；浮法一线；浮法二线；铁路支线；高压炉房及其北侧院内,西隔城西界,6次发掘；全长约970米；南起洛玻集团唐二小区东南隅，北抵道南路南侧,20260707 考古报告.doc,按发掘点组约束墙线；需回查原报告,待回查
GIS-DOC017,西隔城东墙,线/点,西隔城城墙,隋唐,整理摘录,B/C,洛阳玻璃集团厂区内,西隔城东界,墙线线索,20260707 考古报告.doc,先作线索线；需回查图件,待回查
GIS-DOC018,西隔城街道,线/点组,西隔城街道,隋唐,整理摘录,B/C,洛阳玻璃集团铁路专线；洛阳玻璃集团二线成品库；洛阳玻璃集团厂区北部,西隔城内部街道,3次发掘,20260707 考古报告.doc,按点组入库；需回查走向和宽度,待回查
GIS-DOC019,西隔城隔墙组,线/点组,西隔城隔墙,隋唐,整理摘录,B/C,洛阳玻璃集团厂区北部；洛阳玻璃集团二线成品库,西隔城内部隔墙,2道隔墙线索,20260707 考古报告.doc,需回查具体走向,待回查
GIS-DOC020,西隔城基址组,点/面组,西隔城建筑基址,隋唐,整理摘录,B/C,洛阳玻璃集团唐二住宅小区；洛阳玻璃集团浮法二线东北隅；洛阳玻璃集团高压锅房附近；洛阳玻璃集团厂区内,西隔城内部基址,5座基址,20260707 考古报告.doc,按基址组入库；后续拆分子对象,待回查
GIS-DOC021,九洲池遗址范围,面,宫城西隔城宫苑水系,唐宋,整理摘录,B/C,洛阳玻璃集团厂区西北隅,宫城西隔城中北部,当前考古资料不能准确界定范围,20260707 考古报告.doc,作为九洲池弱范围；需回查第3册九洲池章节,待回查
GIS-DOC022,九洲池水道组,线/点组,九洲池水系,唐宋,整理摘录,B/C,洛阳玻璃集团厂区东北部；洛阳玻璃集团浮法三线成品库；洛阳玻璃集团浮法一线；洛阳玻璃集团厂区北部,九洲池内部水道,7条水道,20260707 考古报告.doc,作为宫苑水系重点线索；需拆分一至七号水道,待回查
GIS-DOC023,九洲池池岸,线/面,九洲池池岸,唐宋,整理摘录,B/C,洛阳玻璃厂平板车间成品库西部,九洲池池岸,池岸线索,20260707 考古报告.doc,需回查池岸形态和范围,待回查
GIS-DOC024,九洲池岛屿组,面组,九洲池岛屿,唐宋,整理摘录,C,暂无明确现代锚点,九洲池内部岛屿,6座岛屿线索,20260707 考古报告.doc,暂不落精确面；待回查,待回查
GIS-DOC025,九洲池基址组,点/面组,九洲池建筑基址,唐宋,整理摘录,B/C,洛阳玻璃集团浮法三线北侧；浮法三线成品库；浮法三线；洛阳玻璃集团厂区北部,九洲池及其周边基址,8座基址；1-3号在池内岛屿，4号南侧，5号西南侧，6-8号东侧,20260707 考古报告.doc,按基址组入库；后续拆分,待回查
GIS-DOC026,九洲池南侧引水渠组,线/点组,九洲池南侧水系,唐宋,整理摘录,B/C,洛阳玻璃集团浮法一线范围内；唐宫中路北侧洛阳玻璃集团浮法一线车间,九洲池南侧区,2条引水渠,20260707 考古报告.doc,作为水系线索；需回查走向,待回查
GIS-DOC027,九洲池南侧池岸,线/面,九洲池南侧池岸,唐宋,整理摘录,B/C,唐宫中路以南；原洛阳玻璃集团灯光球场位置,九洲池南侧区,池岸线索,20260707 考古报告.doc,需回查边界,待回查
GIS-DOC028,九洲池南侧岛屿组,面组,九洲池南侧岛屿,唐宋,整理摘录,C,唐宫中路以北原洛阳玻璃集团浮法一线西部；唐宫中路以南原洛阳玻璃集团灯光球场位置,九洲池南侧区,2个岛屿；范围尚未确定,20260707 考古报告.doc,暂作弱证据，不画精确边界,待回查
GIS-DOC029,九洲池南侧基址,点/面,九洲池南侧建筑基址,唐宋,整理摘录,B/C,唐宫中路以南；原洛阳玻璃集团灯光球场位置,九洲池南侧区,1座基址,20260707 考古报告.doc,先作点位线索；需回查尺寸,待回查
GIS-DOC030,九洲池环岛路,线/点,九洲池道路,唐宋,整理摘录,B/C,唐宫中路以北；原洛阳玻璃集团浮法一线西部,九洲池南侧区,环岛路线索,20260707 考古报告.doc,作为宫苑道路线索；需回查走向,待回查
GIS-DOC031,西夹城范围,面,宫城西侧夹城,隋唐,整理摘录,B/C,洛阳市西工区中部,宫城西侧夹城,平面南北向长方形；南北长约970米；东西宽约180米,20260707 考古报告.doc,补宫城西侧外围结构；需回查边界,待回查
GIS-DOC032,西夹城东墙,线/点,西夹城城墙,隋唐,整理摘录,B/C,玻璃厂北部,西夹城东界,城墙线索,20260707 考古报告.doc,先作线索线；需回查图件,待回查
GIS-DOC033,嘉豫门补充线索,点,宫城西墙/西夹城城门,唐,整理摘录,B/C,金谷园村东面；陇海铁路南侧沿宫城西墙向南,宫城西墙相关门址,城门线索,20260707 考古报告.doc,与GIS-G011互证；需回查精确位置,待回查
GIS-DOC034,西夹城街道组,线/点组,西夹城街道,唐宋,整理摘录,B/C,洛阳玻璃集团唐二小区；洛阳玻璃集团宾馆南楼附近；洛阳玻璃集团唐三小区；洛阳玻璃集团高压锅炉房2号蓄渣池附近,西夹城内部街道,3条街道,20260707 考古报告.doc,按街道组入库；需拆分一至三号街道,待回查
GIS-DOC035,西夹城基址组,点/面组,西夹城建筑基址,唐宋,整理摘录,B/C,洛阳玻璃集团宾馆南楼附近；洛阳玻璃集团唐四小区；洛阳玻璃集团高压锅炉房2号蓄渣池附近；洛阳玻璃集团原料车间；洛阳玻璃集团芒硝库,西夹城内部基址,7座基址,20260707 考古报告.doc,按基址组入库；后续拆分,待回查
GIS-DOC036,西夹城水渠组,线/点组,西夹城水渠,唐宋,整理摘录,B/C,西夹城北墙中部；洛阳玻璃集团唐四小区,西夹城内部水渠,4条水渠；一号水渠南北向，南距宫城南墙970米,20260707 考古报告.doc,作为水系补充线索；需回查走向,待回查
GIS-DOC037,曜仪城范围,面,宫城北部曜仪城,唐宋,整理摘录,B/C,洛阳市陇海铁路与春都路之间区域,玄武城北侧,东西长约2100米；南北宽约134米；平面东西向长方形；四面皆有城墙,20260707 考古报告.doc,补宫城北部城制结构；需回查边界,待回查
GIS-DOC038,曜仪门,点/面,曜仪城城门,唐宋,整理摘录,B/C,曜仪城南墙,曜仪城南墙门址,钻探到门址,20260707 考古报告.doc,与玄武城北向通道关系待核,待回查
GIS-DOC039,曜仪城街道,线/点,曜仪城街道,唐,整理摘录,B/C,洛阳市印染厂院内,曜仪城内部街道,唐代街道1条,20260707 考古报告.doc,先作点位线索；需回查走向,待回查
GIS-DOC040,玄武城范围,面,宫城北部玄武城,隋唐,整理摘录,B/C,洛阳市道南路两侧,大内北侧,东西长约2100米；南北宽约280米；南墙居中为玄武门，北墙居中为曜仪门,20260707 考古报告.doc,与GIS-A005互证；需回查边界,待回查
GIS-DOC041,玄武城南墙,线/点组,玄武城城墙,隋唐,整理摘录,B,洛阳市果品公司院内及其西侧解剖沟；洛阳玻璃集团造箱厂板库院内；起重机厂院内；洛阳市二运二分公司,玄武城南界,多次发掘,20260707 考古报告.doc,按发掘点组约束墙线；需回查原报告,待回查
GIS-DOC042,玄武城北墙,线/点组,玄武城城墙,隋唐,整理摘录,B,印染厂；春都集团科技公司；洛阳汽车配件公司；洛阳外贸加工厂,玄武城北界,多个发掘点,20260707 考古报告.doc,按发掘点组约束墙线；需回查原报告,待回查
GIS-DOC043,玄武门补充线索,点/面,玄武城南墙中部城门,隋唐,整理摘录,B,洛阳起重机厂北侧/煤厂北侧,宫城轴线上的重要坐标,玄武城南墙门址缺口宽约7.1米,20260707 考古报告.doc,与GIS-G007互证；需回查精确图件,待回查
GIS-DOC044,玄武城街道组,线/点组,玄武城街道,唐,整理摘录,B/C,平顶山梨园煤矿驻洛办事处院内；洛阳市冷冻机械厂院内,玄武城内部街道,2条街道,20260707 考古报告.doc,按点组入库；需回查走向,待回查
GIS-DOC045,玄武城水渠组,线/点组,玄武城水渠,唐宋,整理摘录,B/C,起重机厂北部；玄武城南墙北侧；洛阳二运二分公司综合住宅楼东部；起重机厂院内；梨园煤矿院内；洛阳玻璃集团造箱厂院内,玄武城内部水渠,3条水渠,20260707 考古报告.doc,补北部水系线索；需回查走向和分期,待回查
GIS-DOC046,圆璧城范围,面,宫城北部圆璧城,隋唐,整理摘录,B/C,邙山南麓二级台地,曜仪城北侧,平面略呈东西向长方形；东西长约2100米；西端南北宽约450米，东端南北宽约530米,20260707 考古报告.doc,与GIS-A006互证；修正圆璧城范围,待回查
GIS-DOC047,圆璧城北墙,线,圆璧城城墙,隋唐,整理摘录,B/C,高冈山；岳村东北隅；春都集团厂区东北侧；洛阳木工厂院内,圆璧城北界,东西约2100米；东起岳村东北隅，西抵春都集团厂区东北侧,20260707 考古报告.doc,补圆璧城北墙线索；需回查图件,待回查
GIS-DOC048,圆璧城南墙,线,圆璧城城墙,隋唐,整理摘录,B/C,曜仪城北墙,圆璧城南界,与曜仪城北墙相关,20260707 考古报告.doc,与曜仪城边界联动核验,待回查
GIS-DOC049,龙光门补充线索,点,圆璧城/宫城北部城门,唐,整理摘录,B/C,建校小五金厂东北角,圆璧城相关门址,城门线索,20260707 考古报告.doc,与GIS-G009互证；需回查原报告,待回查
GIS-DOC050,圆璧门补充线索,点/面组,圆璧城城门,唐,整理摘录,B/C,洛阳市铁路电务段修配所院内；洛阳市邮电局道北路营业所院内,圆璧城东墙/南墙门址,圆璧南门在洛阳城中轴线上,20260707 考古报告.doc,与GIS-G008、GIS-G010互证；需拆分东墙门和南门,待回查
GIS-DOC051,圆璧城街道与隔墙,线/点组,圆璧城街道隔墙,唐宋,整理摘录,B/C,洛阳市种子公司家属院内,圆璧城内部,1条街道；2道隔墙,20260707 考古报告.doc,作为圆璧城内部结构线索；需回查走向,待回查
GIS-DOC052,宫城外围隔城总关系,面组/线组,宫城隔城体系,隋唐,第三册原报告核补,B,宫城大内东西两侧及北侧,大内四周拱卫结构,大内东西两侧各有两重隔城即东隔城与东夹城西隔城与西夹城北侧三重隔城,第3册第六章宫城下开篇 p703,建立宫城外围隔城结构总图层与DOC001-DOC051关联,已核目录与页图
GIS-DOC053,东隔城东墙探方组,点组/线,东隔城东墙,唐宋,第三册原报告核补,B,老城区公安分局；百业大市场；五金工具厂；坛角小学；唐宫东路住宅小区；洛阳机电公司；中州路南沿,东夹城西墙/东隔城东墙,东墙南北长970米；相关探方GT753 GT521 GT321 GT648 GT546 GT177 GT846,第3册第六章第一节东隔城 p703-p707 图6-1至图6-6,把各探方作为墙线控制点核验DOC002,待定位
GIS-DOC054,安宁门四期门址,面/点组,东隔城安宁门,唐,第三册原报告核补,B,今洛阳市铸造厂院内,东隔城门址,GT857；东距东隔城东墙170米；门址分唐代一至四期；一期墩台东西29.95米南北15.9米门道宽5.35米,第3册第六章第一节安宁门 p715-p720 图6-13至图6-17,比DOC004更适合拆为四期门址面；可先用GT857作控制点,待定位
GIS-DOC055,东隔城街道隔墙基址水渠图件组,线/点组,东隔城内部结构,唐宋,第三册原报告核补,B/C,东隔城范围内,东隔城内部街道隔墙基址水渠,第六章第一节含街道隔墙基址与水渠发掘；唐代遗迹p724；宋代遗迹p730,第3册第六章第一节 p724-p730,补DOC005-DOC009的原报告章节定位；待逐图拆分,待回查
GIS-DOC056,郭城街道勘探总量,线组,郭城街道,隋唐,第三册结语核补,C,洛河以南与洛河以北郭城范围,郭城内街道系统,洛河以南南北向街道12条东西向街道6条；洛河以北南北向街道4条东西向街道3条；定鼎门街局部残宽最宽116米,第3册第八章第一节 p955,作为现代道路叠合时的郭城街道尺度参照；不是直接发掘点,待拆分
GIS-DOC057,坊间道路与十字街尺度,线组,郭城里坊道路,隋唐,第三册结语核补,C,履道坊与集贤坊之间长夏门街东第四街；履道坊内,坊间及里坊内部道路,坊间道路残宽约8.5米且两侧有水渠；里坊内部十字街宽5-8米；一般里坊间街道宽约15米,第3册第八章第一节 p955,用于古今街巷尺度对比和里坊格网示意,待拆分
GIS-DOC058,郭城里坊数量与尺度,面组/网格,郭城里坊,隋唐,第三册结语核补,C,洛河以南与洛河以北郭城范围,里坊格网,实勘洛河以南55坊洛河以北9坊；里坊平面方形；东西长500-580米南北宽520-560米,第3册第八章第一节 p955-p956,作为里坊网格复原的尺度约束；需与唐两京城坊考互证,待互证
GIS-DOC059,宫城形制布局总结,面组/线组,宫城总体结构,隋唐唐五代北宋,第三册结语核补,C,宫城位于郭城西北部,宫城及四周附属小城,隋代以大内为中心东西各两重隔城北面三重隔城；唐代宫城范围通常指大内及左右四重隔城,第3册第八章第一节 p957,作为宫城边界层的结构解释与分层依据,待互证
GIS-DOC060,隋唐洛阳城水系总关系,线组/网络,都城水系,隋唐,第三册结语核补,C,伊河洛河瀍水涧水及人工渠道,自然河流与人工渠道网络,自然河流经人工改造形成水网；解决生活景观用水并形成以洛阳为中心的南北漕运动脉,第3册第八章第二节 p964-p968,作为水系底图和叙事层；需与第三册水系段和第二册图件互证,待互证
GIS-DOC061,九洲池水系核心关系,线组/面,宫城皇城水系,隋唐,第三册结语核补,B/C,九洲池及宫城皇城水渠,九洲池与宫城皇城水系,九洲池为宫城和皇城水系核心；支渠连接谷水与九洲池；谷水入池沉淀后流向宫城和皇城各池沼,第3册第八章第二节 p968,解释DOC021-DOC030与宫城皇城水系的关系；需回查支渠图件,待回查
GIS-DOC062,皇城中渠,线,皇城水系,隋唐,第三册结语核补,B/C,皇城中部东西向,皇城中部横向水渠,考古清理一条横穿皇城中部的东西向渠；可能为皇城中渠；渠宽5.6-21.7米,第3册第八章第二节 p968,可作为皇城水系线索但需原图定位,待回查
GIS-DOC063,谷渠,线,宫城西侧护城/分水渠,隋唐,第三册结语核补,B/C,宫城西墙外且与宫城西墙平行,宫城西侧水渠,文献称渠在洛水之北自苑内分谷水东流；位置在宫城西墙外且与宫城西墙平行；兼护城河功能,第3册第八章第二节 p968,补宫城西侧水系边界与防御关系,待回查
GIS-DOC064,瀍城渠,线,东城外水渠/护城壕,隋唐北宋,第三册结语核补,B/C,东城东墙外,瀍城渠遗迹,瀍城渠出含嘉仓城循城南流；东城东墙外考古发现瀍城渠遗迹；渠宽25米；北宋沿用形成护城壕,第3册第八章第二节 p968,补东城与含嘉仓城水系关系；非中轴线但有助整体底图,待回查
GIS-DOC065,上阳宫园林遗址,面/点组,上阳宫,唐五代北宋,第三册原报告核补,C,洛阳城西部上阳宫遗址区,皇家园林遗址,第七章上阳宫含唐代遗迹五代北宋遗迹和遗物；遗址包括园林建筑水池等线索,第3册第七章 p937-p949,作为低优先扩展层；当前宫城中轴线GIS可暂不展开,待后续
GIS-DOC066,九洲池宫廷园林尺度与岛基址,面/点组,九洲池园林,隋唐,第三册结语核补,B/C,宫城内西北隅九洲池,九洲池池体岛屿与基址,结语称九洲池东西约255米南北约140米；池内已探出圆形或椭圆形小岛六座；三座小岛上发掘基址各一处,第3册第八章第三节 p970,补DOC021-DOC030的池体尺度和园林解释；需与第六章九洲池发掘章互证,待互证
GIS-DOC067,第一册总测图与宫城皇城东城分布图,图件/索引,宫城皇城东城总关系,隋唐至宋,第一册原报告核补,B,洛阳市老城区与西工区；唐宫路；中州路；九都路；金业路,宫城皇城东城及水系整体关系,图1-5为1965年实测图；图1-7示宫城皇城东城宋代遗迹分布；图1-8示水系复原,第1册第一章 p5-p13 图1-5 图1-7 图1-8,作为总底图与关系索引；不可直接替代第二三册细部发掘图,可作背景层
GIS-DOC068,皇城范围与宫城南接关系,面/线,皇城总体范围,隋唐至北宋,第一册原报告核补,B/C,今洛阳市西工区和老城区范围内；南临洛河；北接宫城,宫城之南；太微城或南城,隋唐皇城平面呈四字形；东西长2100米；南北宽725米；南临洛河；北接宫城,第1册第三章皇城 p154,解释应天门南侧不是孤立边界；可作南侧背景范围,背景层
GIS-DOC069,皇城东墙与东夹城衔接,线/点,皇城东墙,隋唐至北宋,第一册原报告核补,B,九都路南侧洛河滩；马路街和金业路交叉路口东北部；洛阳市物资回收公司家属院,皇城东界；北接宫城东墙和东夹城东墙,方向3度；南北复原长725米；北段探方HT176；唐代三号街道路土在皇城东墙西侧,第1册第三章皇城 p156-p157 图3-3,用于解释当前东侧边界与东夹城及承福门大街关系；需与第二三册配准,待配准
GIS-DOC070,皇城西墙与西侧边界,线/点,皇城西墙,隋唐至北宋,第一册原报告核补,B/C,洛阳市七一路东侧；洛阳市第二实验中学操场东南部；洛阳市委家属院西南部；洛阳市蔬菜公司院内,皇城西界,方向3度；南北全长725米；探方HT43和HT167；唐代三号水渠相关,第1册第三章皇城 p157 图3-4,作为嘉豫门大街西界外南侧背景参照；非主图核心,待配准
GIS-DOC071,东城承福门线索,点/线,东城南墙城门,隋唐,第一册原报告核补,B/C,东城南墙；洛河；道场；德猷门南向延长线；含嘉门至南墙交点,东城南门；承福门,文献称位于东城南墙；西距左掖门二里；南临洛河；1987年发现东城南墙后推定其位置,第1册第四章东城 p260,与现代承福门大街名称关系需慎重；先作东侧背景门址线索,待互证
GIS-DOC072,含嘉门线索,点/线,东城北墙及含嘉仓城关系,隋唐,第一册原报告核补,B/C,洛阳市建筑公司环城北路家属院；环城北路与环城西路相接东南隅；中州渠改造区,东城北墙城门；南对承福门；北对德猷门,文献称含嘉门在东城北墙；近年发现与德猷门相对南北向街及承福门内南北向街；2002年中州渠改造发现长条形石块可能相关,第1册第四章东城 p260,用于解释东城至含嘉仓城通道；当前主图可暂作背景,待互证
GIS-DOC073,东城一号街道/承福门街,线,东城街道,唐宋,第一册原报告核补,B,洛阳市东风毛毯厂机修车间；洛阳市第三十中学；洛阳市第六中学；洛阳市第二十五中学院内,东城内南北向一号街道；承福门至含嘉门,南起承福门北抵含嘉门；西距东城西墙65米；30中钻探南北长130米东西宽32米；25中南北约50米东西宽3-6米；DT20,第1册第四章东城 p261 图4-9 图4-14,作为承福门大街东侧命名与古代东城道路关系的核查线索；需与现代道路比对,待配准
GIS-DOC074,隋唐洛阳城水系复原总图,线组/网络,宫城皇城东城水系,隋唐,第一册原报告核补,B/C,九洲池；谷水支渠；皇城中渠；永泰门南侧水渠；洛河；瀍水,宫城皇城东城及郭城水系网络,图示九洲池；谷水支渠；皇城中渠；永泰门南侧水渠与洛河等水系关系,第1册第一章 p13 图1-8,作为水系叙事底图；具体渠线仍以第二三册发掘页为准,解释层
GIS-DOC075,九洲池遗址范围与1960钻探洑土区,面,九洲池池苑,隋唐,第三册原报告核补,B,洛阳玻璃集团厂区西北隅；宫城西隔城中北部,九洲池池体及洑土范围,遗址位于宫城西隔城中北部；1960年钻探确认宫城西北角大面积洑土；西距西墙5米；北距大内北墙148米；洑土呈斜置L形；东西280米；南北最宽260米；总面积约55600平方米,第3册第六章第三节 p766 图6-65,作为九洲池范围主面层；需与图6-64和现代底图配准,待配准
GIS-DOC076,九洲池1982-1986钻探轮廓与引水渠,面/线,九洲池池体及引水系统,隋唐,第三册原报告核补,B,宫城西北部；玄武城南250米处；西隔城北部,九洲池轮廓与东、西两支引水渠,1982-1986年初步搞清九洲池轮廓；遗址位于宫城西北部玄武城南250米处；东西长约205米；南北宽约130米；池北东西两侧各有宽约5米渠道向北延伸至玄武城南墙附近后内折；引水渠钻探南北长约250米东西宽3-5米,第3册第六章第三节 p769 图6-64,补九洲池与玄武城南侧水系关系；可作为水系线层和池体范围校准依据,待配准
GIS-DOC077,九洲池池内岛屿组,点组/面组,九洲池岛屿,隋唐,第三册原报告核补,B,九洲池现有范围内；宫城西隔城中北部,九洲池I至VI号岛屿,钻探出六座岛屿；I号在九洲池东北隅东西40米南北25-30米；II号在I号西南部东西38米南北23-30米；III号在九洲池东南隅东西51米南北12-26米；IV号在西北隅东西34米南北27米；V号在IV号之南东西32米南北16-25米；VI号在西南隅东西46米南北13-45米,第3册第六章第三节 p769-p770 图6-64,可转为六个岛屿面或中心点；用于九洲池园林空间复原,待矢量化
GIS-DOC078,九洲池水道与南侧建筑基址关系,线组/点组,九洲池水道和建筑基址,隋唐,第三册原报告核补,B,洛阳玻璃集团厂区东南部和浮法三线成品库；大内西墙与西隔城东墙之间,九洲池七条水道及四号基址周边,发掘发现唐代水道七条；一号位于九洲池东南；二三号在唐代四号基址建筑之间；四号在四号基址南侧；五号在五号基址东端；六号在七号基址西南；七号在七号基址东；一号水道GT365东距大内西墙40米南距大内南墙560米；二号水道GT505 GT506东距西隔城东墙180米南距西隔城南墙560米；三号水道GT504 GT505同距西隔城东墙180米南距西隔城南墙560米,第3册第六章第三节 p770-p771 图6-64 图6-70,可作为九洲池内部水道线层；优先画一至三号水道并标注其与四号基址关系,待矢量化
GIS-DOC079,西夹城总体范围,面,西夹城,隋唐,第三册原报告核补,B/C,今洛阳市西工区中部；西接宫城西墙；北接玄武城；南接皇城,宫城西侧夹城空间,西夹城东与西隔城相邻；南与皇城相邻；北与玄武城相邻；平面呈南北向长方形；南北长970米；东西宽180米；东墙即西隔城西墙；西墙即宫城西墙；南墙即宫城南墙；北墙即玄武城南墙,第3册第六章第四节 p829,作为宫城西侧主边界背景面；解释九洲池和嘉豫门之间的空间归属,待配准
GIS-DOC080,西夹城东墙北段,线/点,西夹城城墙,隋唐,第三册原报告核补,B,玻璃厂北部；玄武城南墙以南,西夹城东墙北段,1960年钻探发现西夹城东墙北段；北段从玄武城南墙向南174米；宽25米；夯土距地表1.5米；夯土中有南北向沟长27米宽5米；南段城墙变窄宽16米,第3册第六章第四节 p830 图6-104 图6-137,可作西夹城东界线段；与九洲池西侧和唐宫路附近关系需叠合,待配准
GIS-DOC081,嘉豫门遗址线索,点/线,西夹城城门,隋唐,第三册原报告核补,B/C,旧金谷园村东；陇海铁路南侧；宫城西墙南向地带,西夹城西墙城门；可能为嘉豫门,1954年在旧金谷园村东北距西北城角1268米处钻探到夯土和碎砖瓦；1959年沿宫城西墙向南再次钻探；城墙宽10-13.3米；旧金谷园正东面城墙有缺口南北宽约6米东西长12米；缺口西侧发现东西向道路宽10米距地表3.5米；结合文献判断为嘉豫门遗址,第3册第六章第四节 p830-p831,可作为嘉豫门大街命名与古代宫城西门关系核查点；需谨慎标为推定点,待互证
GIS-DOC082,西夹城唐代一号街道,线,西夹城街道,唐宋,第三册原报告核补,B,洛阳玻璃集团唐二小区院内,西夹城南北向中线道路,探方GT630；东距西夹城东墙95米；南距西夹城南墙80米；道路南北向；位于西夹城南北向中线上；图6-105示宋代一号街道和唐代一号街道路土关系,第3册第六章第四节 p831 图6-105,可作西夹城内部道路线；用于对照现代小区道路和唐宫路附近路网,待配准
